{
  "timestamp": "2025-07-26T18:57:59.965Z",
  "environment": {
    "node": "v22.17.0",
    "platform": "darwin",
    "memory": {
      "rss": 307789824,
      "heapTotal": 63225856,
      "heapUsed": 35564192,
      "external": 4907915,
      "arrayBuffers": 1621083
    }
  },
  "benchmarks": {
    "storageSize": {
      "base64": [
        3364,
        19308,
        71575
      ],
      "strokeData": [
        889,
        8829,
        44432
      ]
    },
    "queryPerformance": {
      "base64": [],
      "strokeData": [],
      "ginIndex": []
    },
    "apiResponse": {
      "base64": [],
      "strokeData": []
    },
    "imageGeneration": {
      "fromBase64": [
        1.994542000000024,
        1.9083340000000817,
        1.8952500000000327,
        1.8901670000000195,
        1.8246250000000828,
        1.834333000000015,
        1.7920840000000453,
        1.7887080000000424,
        1.7898329999999305,
        1.7753750000000537,
        1.7538750000001073,
        1.7497500000000628,
        1.7217089999999189,
        1.6984579999999596,
        1.6739999999999782,
        1.6645829999999933,
        1.6639169999999694,
        1.6520829999999478,
        1.6302080000000387,
        1.6270419999999604,
        2.1851250000000846,
        2.213124999999991,
        2.182708000000048,
        2.1757920000000013,
        2.103125000000091,
        2.1659590000000435,
        2.173832999999945,
        2.174582999999984,
        2.171291999999994,
        2.189540999999963,
        2.1727079999999432,
        2.1731250000000273,
        2.1613749999999072,
        2.169375000000059,
        2.1719589999999016,
        2.1681670000000395,
        2.16858400000001,
        2.2400829999999132,
        2.214666999999963,
        2.194917000000032,
        3.7235840000000735,
        3.853582999999844,
        3.633916999999883,
        3.8463339999998425,
        3.622707999999875,
        3.872665999999981,
        3.6410410000000866,
        3.837374999999838,
        3.6623329999999896,
        3.8265409999999065,
        3.6493749999999636,
        3.7730410000001484,
        3.673915999999963,
        3.988749999999982,
        3.6557500000001255,
        3.847250000000031,
        3.7840830000000096,
        3.6263750000000528,
        3.827750000000151,
        3.6622500000000855
      ],
      "fromStrokeData": [
        4.020417000000066,
        3.4391669999999976,
        3.544999999999959,
        3.0696669999999813,
        2.9839999999999236,
        2.6974159999999756,
        2.704040999999961,
        2.5320829999999432,
        2.4524579999999787,
        2.426249999999982,
        2.315832999999998,
        2.3187500000000227,
        2.194291999999905,
        2.1530420000000277,
        2.1544580000000906,
        2.0298330000000533,
        2.046707999999967,
        2.0361669999999776,
        1.9819170000000668,
        1.9618750000000773,
        2.1906249999999545,
        2.169125000000008,
        2.1923750000000837,
        2.138290999999981,
        2.117334000000028,
        2.0618749999999864,
        2.1007909999999583,
        2.0832079999998996,
        2.1113750000000664,
        2.097250000000031,
        2.1407500000000255,
        2.046624999999949,
        2.1002500000000737,
        2.0977080000000115,
        2.109874999999988,
        2.122875000000022,
        2.1435410000000275,
        2.0956249999999272,
        2.0967920000000504,
        2.087333000000058,
        3.4107500000000073,
        3.418207999999936,
        3.385250000000042,
        3.26724999999999,
        3.297749999999951,
        3.3264159999999947,
        3.24516600000004,
        3.2917500000000928,
        3.461541000000011,
        3.629000000000019,
        3.678042000000005,
        3.466374999999971,
        4.100709000000052,
        3.265292000000045,
        3.2619999999999436,
        3.256667000000107,
        3.5177909999999883,
        3.2648750000000746,
        3.348333000000139,
        3.4360410000001593
      ]
    },
    "mlFeatures": {
      "base64": [
        0.005333000000064203,
        0.0019999999999527063,
        0.0015419999999721767,
        0.0014999999998508429,
        0.0015000000000782165,
        0.0015000000000782165,
        0.0014579999999568827,
        0.0014169999999467109,
        0.0014169999999467109,
        0.0014169999999467109,
        0.0014579999999568827,
        0.0014579999999568827,
        0.0014579999999568827,
        0.0014169999999467109,
        0.0014579999999568827,
        0.0014169999999467109,
        0.0023330000001351436,
        0.0015840000000935106,
        0.002124999999978172,
        0.0027499999998781277,
        0.0014160000000629225,
        0.001291999999921245,
        0.0012499999997999112,
        0.0012910000000374566,
        0.0012910000000374566,
        0.0012500000000272848,
        0.0012080000001333246,
        0.001290999999810083,
        0.0012500000000272848,
        0.0012500000000272848,
        0.0012500000000272848,
        0.001207999999905951,
        0.0012499999997999112,
        0.0023330000001351436,
        0.0012920000001486187,
        0.0013750000000527507,
        0.0012500000000272848,
        0.0012500000000272848,
        0.0012500000000272848,
        0.0012080000001333246,
        0.001209000000017113,
        0.0012500000000272848,
        0.0012499999997999112,
        0.0012500000000272848,
        0.001209000000017113,
        0.0012500000000272848,
        0.0012500000000272848,
        0.001207999999905951,
        0.0012500000000272848,
        0.0013330000001587905
      ],
      "strokeData": [
        0.10458300000004783,
        0.023084000000153537,
        0.019000000000005457,
        0.020082999999885942,
        0.018416000000115673,
        0.018333999999867956,
        0.019125000000030923,
        0.018458000000009633,
        0.018708999999944353,
        0.019750000000158252,
        0.01887499999997999,
        0.017333000000007814,
        0.017083000000184256,
        0.01700000000005275,
        0.01720799999998235,
        0.017082999999956883,
        0.01812500000005457,
        0.016624999999976353,
        0.018000000000029104,
        0.01704199999994671,
        0.01700000000005275,
        0.017125000000078217,
        0.017125000000078217,
        0.017665999999962878,
        0.01749999999992724,
        0.018625000000156433,
        0.017084000000068045,
        0.01700000000005275,
        0.016999999999825377,
        0.01766700000007404,
        0.08645799999999326,
        0.013290999999981068,
        0.012499999999818101,
        0.013625000000047294,
        0.012500000000045475,
        0.01220799999987321,
        0.01195899999993344,
        0.012167000000090411,
        0.012999999999919964,
        0.012291000000004715,
        0.012375000000020009,
        0.012166000000206623,
        0.01212500000019645,
        0.01187500000014552,
        0.011958000000049651,
        0.011790999999902851,
        0.012042000000064945,
        0.01191700000003948,
        0.012167000000090411,
        0.012374999999792635
      ]
    },
    "memoryUsage": {
      "base64": [
        13177056
      ],
      "strokeData": [
        9470520
      ]
    }
  },
  "summary": {
    "storageSavings": "42.5%",
    "querySpeedup": "N/A",
    "imageGenSpeedup": "0.95x"
  }
}