{
  "user_id": "test15",
  "timestamp": 1753256659818,
  "type": "genuine",
  "features": {
    "basic_stats": {
      "stroke_count": 8,
      "total_points": 375,
      "total_duration_ms": 16650,
      "average_points_per_stroke": 46.875
    },
    "velocity_features": {
      "average_velocity": 0.3485634295959254,
      "max_velocity": 1.9575574704207281,
      "min_velocity": 0.015007167634226777,
      "velocity_std": 0.2615868096640831
    },
    "shape_features": {
      "width": 677,
      "height": 231,
      "area": 156387,
      "aspect_ratio": 2.930735930735931,
      "center_x": 482.5,
      "center_y": 264.703125
    },
    "stroke_features": {
      "average_stroke_length": 281.6390636924291,
      "total_length": 2253.1125095394327,
      "length_variation": 242.27014545033455,
      "average_stroke_duration": 1198.857142857143,
      "duration_variation": 828.11169511838
    }
  },
  "auth_success": true,
  "confidence": "64.89"
}