{
  "user_id": "test15",
  "timestamp": 1753256693639,
  "type": "genuine",
  "features": {
    "basic_stats": {
      "stroke_count": 8,
      "total_points": 349,
      "total_duration_ms": 16983,
      "average_points_per_stroke": 43.625
    },
    "velocity_features": {
      "average_velocity": 0.36601553196413794,
      "max_velocity": 1.3243512562760682,
      "min_velocity": 0.005813953488372093,
      "velocity_std": 0.24875664866228228
    },
    "shape_features": {
      "width": 656,
      "height": 237,
      "area": 155472,
      "aspect_ratio": 2.7679324894514767,
      "center_x": 416,
      "center_y": 315.703125
    },
    "stroke_features": {
      "average_stroke_length": 275.50717295085883,
      "total_length": 2204.0573836068706,
      "length_variation": 212.9164206511947,
      "average_stroke_duration": 1308.2857142857142,
      "duration_variation": 848.5742183696325
    }
  },
  "auth_success": true,
  "confidence": "64.89"
}