{
  "user_id": "test15",
  "timestamp": 1753257750607,
  "type": "forgery",
  "features": {
    "basic_stats": {
      "stroke_count": 8,
      "total_points": 414,
      "total_duration_ms": 18084,
      "average_points_per_stroke": 51.75
    },
    "velocity_features": {
      "average_velocity": 0.3326736977309567,
      "max_velocity": 1.375,
      "min_velocity": 0.01818181818181818,
      "velocity_std": 0.23082661681224956
    },
    "shape_features": {
      "width": 732,
      "height": 218,
      "area": 159576,
      "aspect_ratio": 3.3577981651376145,
      "center_x": 467,
      "center_y": 240.203125
    },
    "stroke_features": {
      "average_stroke_length": 301.82606137174804,
      "total_length": 2414.6084909739843,
      "length_variation": 245.6483566731691,
      "average_stroke_duration": 1431.7142857142858,
      "duration_variation": 1068.3855262278037
    }
  },
  "auth_success": false,
  "confidence": "25.83"
}