{
  "timestamp": "2025-07-26T18:45:44.262Z",
  "environment": {
    "node": "v22.17.0",
    "platform": "darwin",
    "memory": {
      "rss": 480133120,
      "heapTotal": 65323008,
      "heapUsed": 32774256,
      "external": 4319062,
      "arrayBuffers": 1034890
    }
  },
  "benchmarks": {
    "storageSize": {
      "base64": [
        3157,
        19339,
        73795
      ],
      "strokeData": [
        886,
        8888,
        44524
      ]
    },
    "queryPerformance": {
      "base64": [],
      "strokeData": [],
      "ginIndex": []
    },
    "apiResponse": {
      "base64": [],
      "strokeData": []
    },
    "imageGeneration": {
      "fromBase64": [
        1.8643749999998818,
        1.810083000000077,
        1.8184580000001915,
        1.7853749999999309,
        1.776207999999997,
        1.7752089999999043,
        1.7648750000000746,
        1.7184159999999338,
        1.7236669999999776,
        1.709292000000005,
        1.7301660000000538,
        1.7069589999998698,
        1.6857500000000982,
        1.692582999999786,
        1.6948750000001382,
        1.679582999999866,
        1.7042920000001232,
        1.6937920000000304,
        1.6784589999999753,
        1.685416000000032,
        2.113749999999982,
        2.108249999999998,
        2.1328750000000127,
        2.0953750000001037,
        2.1075000000000728,
        2.1057499999999436,
        2.1475840000000517,
        2.1038750000000164,
        2.520917000000054,
        3.3497500000000855,
        2.3593329999998787,
        2.3270829999999023,
        2.240500000000111,
        2.3737499999999727,
        2.271957999999813,
        2.1467499999998836,
        2.161542000000054,
        2.1548330000000533,
        2.1605420000000777,
        2.1050829999999223,
        3.697167000000036,
        3.673374999999851,
        3.667791999999963,
        3.6563750000000255,
        3.725500000000011,
        4.002875000000131,
        3.726709000000028,
        3.711375000000089,
        3.6887910000000375,
        3.6838749999999436,
        3.6956250000000637,
        3.65945899999997,
        3.6779579999999896,
        3.6914160000001175,
        3.6528749999999945,
        3.6817080000000715,
        3.6006250000000364,
        3.6571250000001783,
        3.6790419999999813,
        3.8265000000001237
      ],
      "fromStrokeData": [
        2.4056250000001,
        2.3473330000000487,
        2.263708000000065,
        2.343332999999916,
        2.1879579999999805,
        2.150041999999985,
        2.1456249999999955,
        2.064624999999978,
        2.0714169999999967,
        2.042165999999952,
        1.981999999999971,
        1.9713329999999587,
        1.9850000000000136,
        1.8037089999999125,
        1.9130830000000287,
        1.9085419999998976,
        1.865500000000111,
        1.8652079999999387,
        1.822208000000046,
        1.8196660000000975,
        2.1080830000000788,
        2.11204100000009,
        2.076042000000143,
        2.0676250000001346,
        2.0624579999998787,
        2.071333999999979,
        2.1489160000000993,
        3.882374999999911,
        4.874374999999873,
        2.286000000000058,
        2.1876669999999194,
        2.1472089999999753,
        2.1067920000000413,
        2.154541999999992,
        2.0509170000000267,
        2.0399170000000595,
        2.0538329999999405,
        2.108541999999943,
        2.1531250000000455,
        2.035374999999931,
        3.41216600000007,
        3.479415999999901,
        3.4026249999999436,
        3.3651250000000346,
        3.3721669999999904,
        3.343249999999898,
        3.3267080000000533,
        3.3376250000001164,
        3.3357079999998405,
        3.3232499999999163,
        3.3355000000001382,
        3.346125000000029,
        3.369207999999844,
        3.3270829999999023,
        3.3268330000000788,
        3.344291999999996,
        3.3397919999999885,
        3.3324159999999665,
        3.3273340000000644,
        3.340667000000167
      ]
    },
    "mlFeatures": {
      "base64": [
        0.005707999999913227,
        0.0019999999999527063,
        0.0014999999998508429,
        0.0014580000001842564,
        0.0013750000000527507,
        0.001374999999825377,
        0.001334000000042579,
        0.0013750000000527507,
        0.001374999999825377,
        0.0013750000000527507,
        0.0013750000000527507,
        0.0013329999999314168,
        0.0014170000001740846,
        0.0014170000001740846,
        0.0013329999999314168,
        0.001334000000042579,
        0.0012910000000374566,
        0.0013750000000527507,
        0.002040999999962878,
        0.0026659999998628336,
        0.0013329999999314168,
        0.001207999999905951,
        0.001125000000001819,
        0.001125000000001819,
        0.0011670000001231529,
        0.0011669999998957792,
        0.001209000000017113,
        0.001125000000001819,
        0.0011670000001231529,
        0.0011660000000119908,
        0.0011660000000119908,
        0.0011670000001231529,
        0.0012500000000272848,
        0.001125000000001819,
        0.001125000000001819,
        0.001125000000001819,
        0.001125000000001819,
        0.001125000000001819,
        0.001125000000001819,
        0.0011670000001231529,
        0.0011660000000119908,
        0.0011669999998957792,
        0.0011669999998957792,
        0.0011669999998957792,
        0.0011670000001231529,
        0.001125000000001819,
        0.001125000000001819,
        0.001125000000001819,
        0.001125000000001819,
        0.001125000000001819
      ],
      "strokeData": [
        0.10045800000011695,
        0.01974999999993088,
        0.01700000000005275,
        0.016499999999950887,
        0.016458999999940715,
        0.01629200000002129,
        0.01633300000003146,
        0.016166999999995824,
        0.016624999999976353,
        0.0175419999998212,
        0.01654200000007222,
        0.015582999999878666,
        0.015333000000055108,
        0.015249999999923602,
        0.014209000000164451,
        0.014750000000049113,
        0.014332999999851381,
        0.01424999999994725,
        0.014415999999982887,
        0.014166000000159329,
        0.014166000000159329,
        0.014124999999921783,
        0.014416999999866675,
        0.014584000000013475,
        0.014457999999876847,
        0.014583000000129687,
        0.014499999999998181,
        0.014250000000174623,
        0.014457999999876847,
        0.015249999999923602,
        0.07874999999989996,
        0.00987499999996544,
        0.009457999999995081,
        0.009667000000035841,
        0.009625000000141881,
        0.009583000000020547,
        0.009750000000167347,
        0.010500000000092768,
        0.010332999999945969,
        0.010332999999945969,
        0.010332999999945969,
        0.009667000000035841,
        0.009542000000010376,
        0.009500000000116415,
        0.010667000000012195,
        0.009541000000126587,
        0.009541000000126587,
        0.009499999999889042,
        0.009459000000106244,
        0.009415999999873748
      ]
    },
    "memoryUsage": {
      "base64": [
        10637568
      ],
      "strokeData": [
        10908056
      ]
    }
  },
  "summary": {
    "storageSavings": "43.6%",
    "querySpeedup": "N/A",
    "imageGenSpeedup": "0.99x"
  }
}